el	disease_name	disease_semantic_type	gene_pli	gene_dpi	year_initial	gene_dsi	uniprotid	year_final	ei	diseaseid	gene_symbol	disease_class	source	protein_class_name	protein_class	geneid	score	disease_class_name	disease_type
strong	Alzheimer's Disease	Disease or Syndrome	1.0344e-37	0.923	1998	0.328	P12821	2020	0.915	C0002395	ACE	C10;F03	CURATED	Enzyme	DTO_05007624	1636	0.9	   Nervous System Diseases;    Mental Disorders	disease
	Alzheimer's Disease	Disease or Syndrome	0.046544	0.846	1987	0.422	P05067	2020	0.981	C0002395	APP	C10;F03	CURATED	Enzyme modulator	DTO_05007584	351	0.9	   Nervous System Diseases;    Mental Disorders	disease
strong	Frontotemporal dementia	Disease or Syndrome	0.069666	0.846	2006	0.435	P28799	2020	0.976	C0338451	GRN	C18;C10;F03	CURATED			2896	0.9	   Nutritional and Metabolic Diseases;    Nervous System Diseases;    Mental Disorders	disease
limited	Amyotrophic Lateral Sclerosis	Disease or Syndrome	1.0647e-06	0.769	2009	0.496	Q96LT7	2020	0.985	C0002736	C9orf72	C18;C10	CURATED			203228	0.8	   Nutritional and Metabolic Diseases;    Nervous System Diseases	disease
strong	Amyotrophic Lateral Sclerosis	Disease or Syndrome	0.1773	0.962	1993	0.379	P00441	2020	0.985	C0002736	SOD1	C18;C10	CURATED	Enzyme	DTO_05007624	6647	0.8	   Nutritional and Metabolic Diseases;    Nervous System Diseases	disease
	Frontotemporal dementia	Disease or Syndrome	0.0060258	0.923	1997	0.446	P10636	2020	0.978	C0338451	MAPT	C18;C10;F03	CURATED			4137	0.8	   Nutritional and Metabolic Diseases;    Nervous System Diseases;    Mental Disorders	disease
	Frontotemporal dementia	Disease or Syndrome	0.97322	0.846	1995	0.469	P49768	2018	1	C0338451	PSEN1	C18;C10;F03	CURATED	Enzyme	DTO_05007624	5663	0.8	   Nutritional and Metabolic Diseases;    Nervous System Diseases;    Mental Disorders	disease
	Alzheimer's Disease	Disease or Syndrome	1	0.846	2000	0.489	O14672	2019	0.986	C0002395	ADAM10	C10;F03	CURATED			102	0.7	   Nervous System Diseases;    Mental Disorders	disease
	Alzheimer's Disease	Disease or Syndrome	0.95571	0.846	2000	0.43	P49841	2020	0.982	C0002395	GSK3B	C10;F03	CURATED	Kinase	DTO_03300101	2932	0.7	   Nervous System Diseases;    Mental Disorders	disease
strong	Alzheimer's Disease	Disease or Syndrome	2.5587e-08	0.846	2001	0.436	Q30201	2018	0.963	C0002395	HFE	C10;F03	CURATED			3077	0.7	   Nervous System Diseases;    Mental Disorders	disease
	Alzheimer's Disease	Disease or Syndrome	0.0018685	0.962	1991	0.338	P02649	2020	0.946	C0002395	APOE	C10;F03	CURATED			348	0.7	   Nervous System Diseases;    Mental Disorders	disease
	Alzheimer's Disease	Disease or Syndrome	0.0060258	0.923	1988	0.446	P10636	2020	0.99	C0002395	MAPT	C10;F03	CURATED			4137	0.7	   Nervous System Diseases;    Mental Disorders	disease
limited	Alzheimer's Disease	Disease or Syndrome	3.2892e-09	0.769	2007	0.519	Q9NZC2	2020	0.977	C0002395	TREM2	C10;F03	CURATED			54209	0.7	   Nervous System Diseases;    Mental Disorders	disease
	Alzheimer's Disease	Disease or Syndrome	0.97322	0.846	1990	0.469	P49768	2020	0.971	C0002395	PSEN1	C10;F03	CURATED	Enzyme	DTO_05007624	5663	0.7	   Nervous System Diseases;    Mental Disorders	disease
	Amyotrophic Lateral Sclerosis	Disease or Syndrome	5.91e-18	0.808	2010	0.548	Q96CV9	2020	0.954	C0002736	OPTN	C18;C10	CURATED			10133	0.7	   Nutritional and Metabolic Diseases;    Nervous System Diseases	disease
	Amyotrophic Lateral Sclerosis	Disease or Syndrome	1	0.423	2009	0.705	Q9UPW8	2019	1	C0002736	UNC13A	C18;C10	CURATED			23025	0.7	   Nutritional and Metabolic Diseases;    Nervous System Diseases	disease
	Amyotrophic Lateral Sclerosis	Disease or Syndrome	0.98542	0.808	2006	0.493	Q13148	2020	0.979	C0002736	TARDBP	C18;C10	CURATED			23435	0.7	   Nutritional and Metabolic Diseases;    Nervous System Diseases	disease
	Amyotrophic Lateral Sclerosis	Disease or Syndrome	0.9993	0.846	2009	0.47	P35637	2020	0.981	C0002736	FUS	C18;C10	CURATED	Nucleic acid binding	DTO_05007557	2521	0.7	   Nutritional and Metabolic Diseases;    Nervous System Diseases	disease
strong	Amyotrophic Lateral Sclerosis	Disease or Syndrome	0.075174	0.846	2015	0.513	Q9UHD2	2019	1	C0002736	TBK1	C18;C10	CURATED	Kinase	DTO_03300101	29110	0.7	   Nutritional and Metabolic Diseases;    Nervous System Diseases	disease
	Amyotrophic Lateral Sclerosis	Disease or Syndrome	9.8142e-11	0.885	2007	0.409	P27169	2019	0.929	C0002736	PON1	C18;C10	CURATED			5444	0.7	   Nutritional and Metabolic Diseases;    Nervous System Diseases	disease
	Amyotrophic Lateral Sclerosis	Disease or Syndrome	0.85289	0.808	2006	0.482	Q99700	2019	0.971	C0002736	ATXN2	C18;C10	CURATED	Nucleic acid binding	DTO_05007557	6311	0.7	   Nutritional and Metabolic Diseases;    Nervous System Diseases	disease
limited	Amyotrophic Lateral Sclerosis	Disease or Syndrome	0.16517	0.5	2011	0.626	Q92804	2019	0.929	C0002736	TAF15	C18;C10	CURATED	Nucleic acid binding	DTO_05007557	8148	0.7	   Nutritional and Metabolic Diseases;    Nervous System Diseases	disease
	Amyotrophic Lateral Sclerosis	Disease or Syndrome	0.00086035	0.885	2009	0.428	Q13501	2020	0.974	C0002736	SQSTM1	C18;C10	CURATED			8878	0.7	   Nutritional and Metabolic Diseases;    Nervous System Diseases	disease
limited	Amyotrophic Lateral Sclerosis	Disease or Syndrome	1	0.538	2009	0.631	P43243	2019	1	C0002736	MATR3	C18;C10	CURATED			9782	0.7	   Nutritional and Metabolic Diseases;    Nervous System Diseases	disease
	Parkinson Disease	Disease or Syndrome	0.8829	0.885	1997	0.427	P37840	2020	0.983	C0030567	SNCA	C10	CURATED	Transporter	DTO_05007405	6622	0.7	   Nervous System Diseases	disease
strong	Frontotemporal dementia	Disease or Syndrome	0.98542	0.808	2007	0.493	Q13148	2020	0.984	C0338451	TARDBP	C18;C10;F03	CURATED			23435	0.7	   Nutritional and Metabolic Diseases;    Nervous System Diseases;    Mental Disorders	disease
strong	Frontotemporal dementia	Disease or Syndrome	4.6203e-06	0.731	2005	0.543	Q9UQN3	2019	1	C0338451	CHMP2B	C18;C10;F03	CURATED			25978	0.7	   Nutritional and Metabolic Diseases;    Nervous System Diseases;    Mental Disorders	disease
strong	Dementia	Mental or Behavioral Dysfunction	0.046544	0.846	1993	0.422	P05067	2020	0.964	C0497327	APP	C10;F03	CURATED	Enzyme modulator	DTO_05007584	351	0.7	   Nervous System Diseases;    Mental Disorders	disease
strong	Dementia	Mental or Behavioral Dysfunction	3.2892e-09	0.769	2005	0.519	Q9NZC2	2020	1	C0497327	TREM2	C10;F03	CURATED			54209	0.7	   Nervous System Diseases;    Mental Disorders	disease
	Alzheimer's Disease	Disease or Syndrome	2.3058e-06	0.923	2002	0.425	P00749	2013	1	C0002395	PLAU	C10;F03	CURATED	Enzyme	DTO_05007624	5328	0.68	   Nervous System Diseases;    Mental Disorders	disease
	Amyotrophic Lateral Sclerosis	Disease or Syndrome	4.6203e-06	0.731	2006	0.543	Q9UQN3	2016	1	C0002736	CHMP2B	C18;C10	CURATED			25978	0.68	   Nutritional and Metabolic Diseases;    Nervous System Diseases	disease
	Amyotrophic Lateral Sclerosis	Disease or Syndrome	1.9084e-25	0.769	2016	0.575	Q96PY6	2019	1	C0002736	NEK1	C18;C10	CURATED	Kinase	DTO_03300101	4750	0.68	   Nutritional and Metabolic Diseases;    Nervous System Diseases	disease
moderate	Amyotrophic Lateral Sclerosis	Disease or Syndrome	6.2271e-22	0.615	2010	0.636	P14920	2018	1	C0002736	DAO	C18;C10	CURATED			1610	0.67	   Nutritional and Metabolic Diseases;    Nervous System Diseases	disease
	Amyotrophic Lateral Sclerosis	Disease or Syndrome	3.291e-07	0.615	2016	0.633	O43822	2019	1	C0002736	CFAP410	C18;C10	CURATED			755	0.62	   Nutritional and Metabolic Diseases;    Nervous System Diseases	disease
	Alzheimer's Disease	Disease or Syndrome	0.87888	0.769	1999	0.559	P56817	2020	0.985	C0002395	BACE1	C10;F03	CURATED	Enzyme	DTO_05007624	23621	0.6	   Nervous System Diseases;    Mental Disorders	disease
	Alzheimer's Disease	Disease or Syndrome	0.0066309	0.577	2000	0.604	P14735	2019	0.955	C0002395	IDE	C10;F03	CURATED	Enzyme	DTO_05007624	3416	0.6	   Nervous System Diseases;    Mental Disorders	disease
	Alzheimer's Disease	Disease or Syndrome	0.13005	0.962	1989	0.276	P01584	2020	0.966	C0002395	IL1B	C10;F03	CURATED			3553	0.6	   Nervous System Diseases;    Mental Disorders	disease
	Alzheimer's Disease	Disease or Syndrome	3.6145e-05	0.846	2002	0.432	P06213	2020	1	C0002395	INSR	C10;F03	CURATED	Kinase	DTO_03300101	3643	0.6	   Nervous System Diseases;    Mental Disorders	disease
	Alzheimer's Disease	Disease or Syndrome	0.46491	0.846	2004	0.349	P41159	2019	0.944	C0002395	LEP	C10;F03	CURATED			3952	0.6	   Nervous System Diseases;    Mental Disorders	disease
	Alzheimer's Disease	Disease or Syndrome	0.14294	0.846	2000	0.447	P01303	2018	0.833	C0002395	NPY	C10;F03	CURATED	Signaling	DTO_05007599	4852	0.6	   Nervous System Diseases;    Mental Disorders	disease
	Alzheimer's Disease	Disease or Syndrome	0.55903	0.885	1996	0.291	P10415	2019	1	C0002395	BCL2	C10;F03	CURATED	Signaling	DTO_05007599	596	0.6	   Nervous System Diseases;    Mental Disorders	disease
	Alzheimer's Disease	Disease or Syndrome	0.65626	0.923	1991	0.345	P23560	2020	0.958	C0002395	BDNF	C10;F03	CURATED	Signaling	DTO_05007599	627	0.6	   Nervous System Diseases;    Mental Disorders	disease
	Alzheimer's Disease	Disease or Syndrome	0.10017	0.923	1999	0.351	P42574	2020	0.98	C0002395	CASP3	C10;F03	CURATED	Enzyme	DTO_05007624	836	0.6	   Nervous System Diseases;    Mental Disorders	disease
	Parkinson Disease	Disease or Syndrome	0.75335	0.808	2003	0.535	Q99497	2020	0.973	C0030567	PARK7	C10	CURATED	Enzyme	DTO_05007624	11315	0.6	   Nervous System Diseases	disease
	Parkinson Disease	Disease or Syndrome	3.7519e-08	0.769	1988	0.535	P20711	2019	1	C0030567	DDC	C10	CURATED			1644	0.6	   Nervous System Diseases	disease
	Parkinson Disease	Disease or Syndrome	0.74709	0.846	1995	0.436	P14416	2020	0.931	C0030567	DRD2	C10	CURATED	G-protein coupled receptor	DTO_02300001	1813	0.6	   Nervous System Diseases	disease
strong	Parkinson Disease	Disease or Syndrome	8.9582e-09	0.577	2007	0.566	Q9NQ11	2019	0.946	C0030567	ATP13A2	C10	CURATED			23400	0.6	   Nervous System Diseases	disease
	Parkinson Disease	Disease or Syndrome	0.99903	0.808	1993	0.533	P27338	2020	0.991	C0030567	MAOB	C10	CURATED			4129	0.6	   Nervous System Diseases	disease
	Parkinson Disease	Disease or Syndrome	6.9346e-07	0.846	1998	0.431	O60260	2020	0.974	C0030567	PRKN	C10	CURATED	Enzyme	DTO_05007624	5071	0.6	   Nervous System Diseases	disease
	Parkinson Disease	Disease or Syndrome	1.8749e-10	0.769	2002	0.516	Q9BXM7	2020	0.987	C0030567	PINK1	C10	CURATED	Kinase	DTO_03300101	65018	0.6	   Nervous System Diseases	disease
	Parkinson Disease	Disease or Syndrome	0.075523	0.769	1996	0.554	Q05940	2020	0.966	C0030567	SLC18A2	C10	CURATED	Transporter	DTO_05007405	6571	0.6	   Nervous System Diseases	disease
	Parkinson Disease	Disease or Syndrome	1.6878e-06	0.885	1989	0.462	P07101	2020	0.979	C0030567	TH	C10	CURATED			7054	0.6	   Nervous System Diseases	disease
	Tauopathies	Disease or Syndrome	0.0060258	0.923	1999	0.446	P10636	2020	0.994	C0949664	MAPT	C10	CURATED			4137	0.6	   Nervous System Diseases	group
	Alzheimer's Disease	Disease or Syndrome	0.044127	0.885	2002	0.39	P01344	2019	1	C0002395	IGF2	C10;F03	CURATED			3481	0.57	   Nervous System Diseases;    Mental Disorders	disease
	Parkinson Disease	Disease or Syndrome	0.9555	0.808	1996	0.529	P21728	2020	1	C0030567	DRD1	C10	CURATED	G-protein coupled receptor	DTO_02300001	1812	0.57	   Nervous System Diseases	disease
	Alzheimer's Disease	Disease or Syndrome	0.96799	0.885	2005	0.399	P08069	2020	1	C0002395	IGF1R	C10;F03	CURATED	Kinase	DTO_03300101	3480	0.56	   Nervous System Diseases;    Mental Disorders	disease
	Alzheimer's Disease	Disease or Syndrome	0.99945	0.731	2003	0.604	P25705	2017	1	C0002395	ATP5F1A	C10;F03	CURATED	Transporter	DTO_05007405	498	0.54	   Nervous System Diseases;    Mental Disorders	disease
	Alzheimer's Disease	Disease or Syndrome	0.30091	0.923	1991	0.445	P01308	2020	1	C0002395	INS	C10;F03	CURATED			3630	0.53	   Nervous System Diseases;    Mental Disorders	disease
	Alzheimer's Disease	Disease or Syndrome	0.31746	0.885	1997	0.417	Q07812	2018	1	C0002395	BAX	C10;F03	CURATED	Signaling	DTO_05007599	581	0.52	   Nervous System Diseases;    Mental Disorders	disease
	Parkinson Disease	Disease or Syndrome	0.96799	0.885	2009	0.399	P08069	2019	1	C0030567	IGF1R	C10	CURATED	Kinase	DTO_03300101	3480	0.51	   Nervous System Diseases	disease
	Alzheimer's Disease	Disease or Syndrome	2.1111e-55	0.577	2011	0.644	Q8IZY2	2019	0.985	C0002395	ABCA7	C10;F03	CURATED	Transporter	DTO_05007405	10347	0.5	   Nervous System Diseases;    Mental Disorders	disease
	Alzheimer's Disease	Disease or Syndrome	0.99218	0.538	2009	0.59	O96008	2020	0.978	C0002395	TOMM40	C10;F03	CURATED	Transporter	DTO_05007405	10452	0.5	   Nervous System Diseases;    Mental Disorders	disease
	Alzheimer's Disease	Disease or Syndrome	7.8072e-05	0.885	1991	0.426	P10909	2020	0.94	C0002395	CLU	C10;F03	CURATED			1191	0.5	   Nervous System Diseases;    Mental Disorders	disease
	Alzheimer's Disease	Disease or Syndrome	1.6488e-35	0.808	2009	0.533	P17927	2019	0.971	C0002395	CR1	C10;F03	CURATED			1378	0.5	   Nervous System Diseases;    Mental Disorders	disease
	Alzheimer's Disease	Disease or Syndrome	4.5229e-11	0.769	1998	0.529	P01023	2018	0.769	C0002395	A2M	C10;F03	CURATED	Enzyme modulator	DTO_05007584	2	0.5	   Nervous System Diseases;    Mental Disorders	disease
	Alzheimer's Disease	Disease or Syndrome	1.4624e-23	0.731	2009	0.544	P21709	2019	0.933	C0002395	EPHA1	C10;F03	CURATED	Kinase	DTO_03300101	2041	0.5	   Nervous System Diseases;    Mental Disorders	disease
	Alzheimer's Disease	Disease or Syndrome	0.22989	0.731	2011	0.558	Q9Y5K6	2019	1	C0002395	CD2AP	C10;F03	CURATED			23607	0.5	   Nervous System Diseases;    Mental Disorders	disease
	Alzheimer's Disease	Disease or Syndrome	0.77822	0.692	2011	0.55	O00499	2020	0.98	C0002395	BIN1	C10;F03	CURATED			274	0.5	   Nervous System Diseases;    Mental Disorders	disease
	Alzheimer's Disease	Disease or Syndrome	0.21685	0.577	1999	0.581	P02654	2019	1	C0002395	APOC1	C10;F03	CURATED			341	0.5	   Nervous System Diseases;    Mental Disorders	disease
	Alzheimer's Disease	Disease or Syndrome	7.105e-15	0.923	1999	0.377	P05164	2019	1	C0002395	MPO	C10;F03	CURATED	Enzyme	DTO_05007624	4353	0.5	   Nervous System Diseases;    Mental Disorders	disease
	Alzheimer's Disease	Disease or Syndrome	6.7246e-07	0.885	1999	0.378	P29474	2018	0.9	C0002395	NOS3	C10;F03	CURATED			4846	0.5	   Nervous System Diseases;    Mental Disorders	disease
	Alzheimer's Disease	Disease or Syndrome	0.00053736	0.654	1995	0.55	P49810	2020	0.977	C0002395	PSEN2	C10;F03	CURATED	Enzyme	DTO_05007624	5664	0.5	   Nervous System Diseases;    Mental Disorders	disease
	Alzheimer's Disease	Disease or Syndrome	7.6609e-11	0.692	2004	0.582	Q92673	2020	0.973	C0002395	SORL1	C10;F03	CURATED	Transporter	DTO_05007405	6653	0.5	   Nervous System Diseases;    Mental Disorders	disease
	Alzheimer's Disease	Disease or Syndrome	0.99896	0.538	2009	0.592	Q13492	2019	0.947	C0002395	PICALM	C10;F03	CURATED	Transporter	DTO_05007405	8301	0.5	   Nervous System Diseases;    Mental Disorders	disease
	Amyotrophic Lateral Sclerosis	Disease or Syndrome	0.1678	0.808	2013	0.544	Q99720	2020	1	C0002736	SIGMAR1	C18;C10	CURATED			10280	0.5	   Nutritional and Metabolic Diseases;    Nervous System Diseases	disease
	Amyotrophic Lateral Sclerosis	Disease or Syndrome	0.084251	0.5	2005	0.597	Q14203	2019	0.909	C0002736	DCTN1	C18;C10	CURATED	Chaperone	DTO_05007613	1639	0.5	   Nutritional and Metabolic Diseases;    Nervous System Diseases	disease
	Amyotrophic Lateral Sclerosis	Disease or Syndrome	1	0.846	2012	0.566	P54764	2019	0.909	C0002736	EPHA4	C18;C10	CURATED	Kinase	DTO_03300101	2043	0.5	   Nutritional and Metabolic Diseases;    Nervous System Diseases	disease
moderate	Amyotrophic Lateral Sclerosis	Disease or Syndrome	0.95483	0.731	1998	0.57	Q7Z333	2018	0.952	C0002736	SETX	C18;C10	CURATED	Enzyme	DTO_05007624	23064	0.5	   Nutritional and Metabolic Diseases;    Nervous System Diseases	disease
	Amyotrophic Lateral Sclerosis	Disease or Syndrome	0.28738	0.769	2004	0.511	P03950	2019	0.959	C0002736	ANG	C18;C10	CURATED			283	0.5	   Nutritional and Metabolic Diseases;    Nervous System Diseases	disease
	Amyotrophic Lateral Sclerosis	Disease or Syndrome	0.84968	0.462	2011	0.656	Q9UHD9	2020	0.98	C0002736	UBQLN2	C18;C10	CURATED			29978	0.5	   Nutritional and Metabolic Diseases;    Nervous System Diseases	disease
	Amyotrophic Lateral Sclerosis	Disease or Syndrome	0.99911	0.885	2013	0.529	P09651	2019	1	C0002736	HNRNPA1	C18;C10	CURATED			3178	0.5	   Nutritional and Metabolic Diseases;    Nervous System Diseases	disease
	Amyotrophic Lateral Sclerosis	Disease or Syndrome	5.3661e-06	0.462	2014	0.623	Q8WYQ3	2020	0.955	C0002736	CHCHD10	C18;C10	CURATED			400916	0.5	   Nutritional and Metabolic Diseases;    Nervous System Diseases	disease
	Amyotrophic Lateral Sclerosis	Disease or Syndrome	2.6684e-12	0.769	1993	0.588	P12036	2018	1	C0002736	NEFH	C18;C10	CURATED			4744	0.5	   Nutritional and Metabolic Diseases;    Nervous System Diseases	disease
	Amyotrophic Lateral Sclerosis	Disease or Syndrome	0.73258	0.769	2012	0.565	P07737	2019	1	C0002736	PFN1	C18;C10	CURATED			5216	0.5	   Nutritional and Metabolic Diseases;    Nervous System Diseases	disease
	Amyotrophic Lateral Sclerosis	Disease or Syndrome	3.2892e-09	0.769	2013	0.519	Q9NZC2	2019	0.833	C0002736	TREM2	C18;C10	CURATED			54209	0.5	   Nutritional and Metabolic Diseases;    Nervous System Diseases	disease
	Amyotrophic Lateral Sclerosis	Disease or Syndrome	4.7898e-14	0.462	2000	0.623	P41219	2016	1	C0002736	PRPH	C18;C10	CURATED			5630	0.5	   Nutritional and Metabolic Diseases;    Nervous System Diseases	disease
	Amyotrophic Lateral Sclerosis	Disease or Syndrome	0.99999	0.923	2008	0.469	P55072	2020	0.962	C0002736	VCP	C18;C10	CURATED			7415	0.5	   Nutritional and Metabolic Diseases;    Nervous System Diseases	disease
	Amyotrophic Lateral Sclerosis	Disease or Syndrome	0.58111	0.423	2004	0.666	O95292	2019	0.967	C0002736	VAPB	C18;C10	CURATED	Transporter	DTO_05007405	9217	0.5	   Nutritional and Metabolic Diseases;    Nervous System Diseases	disease
	Parkinson Disease	Disease or Syndrome	2.5757e-30	0.808	2002	0.51	Q5S007	2020	0.983	C0030567	LRRK2	C10	CURATED	Kinase	DTO_03300101	120892	0.5	   Nervous System Diseases	disease
	Parkinson Disease	Disease or Syndrome	0.0051818	0.231	2009	0.805	O14976	2020	1	C0030567	GAK	C10	CURATED	Kinase	DTO_03300101	2580	0.5	   Nervous System Diseases	disease
	Parkinson Disease	Disease or Syndrome	1.4355e-06	0.808	2004	0.5	P04062	2020	0.989	C0030567	GBA	C10	CURATED			2629	0.5	   Nervous System Diseases	disease
	Parkinson Disease	Disease or Syndrome	0.0060258	0.923	1999	0.446	P10636	2019	0.972	C0030567	MAPT	C10	CURATED			4137	0.5	   Nervous System Diseases	disease
	Parkinson Disease	Disease or Syndrome	4.2099e-11	0.423	2009	0.67	Q10588	2019	0.92	C0030567	BST1	C10	CURATED	Enzyme	DTO_05007624	683	0.5	   Nervous System Diseases	disease
limited	Frontotemporal dementia	Disease or Syndrome	1.0647e-06	0.769	2011	0.496	Q96LT7	2020	0.987	C0338451	C9orf72	C18;C10;F03	CURATED			203228	0.5	   Nutritional and Metabolic Diseases;    Nervous System Diseases;    Mental Disorders	disease
limited	Frontotemporal dementia	Disease or Syndrome	3.2892e-09	0.769	2013	0.519	Q9NZC2	2019	0.92	C0338451	TREM2	C18;C10;F03	CURATED			54209	0.5	   Nutritional and Metabolic Diseases;    Nervous System Diseases;    Mental Disorders	disease
	Dementia	Mental or Behavioral Dysfunction	0.069666	0.846	2006	0.435	P28799	2019	1	C0497327	GRN	C10;F03	CURATED			2896	0.5	   Nervous System Diseases;    Mental Disorders	disease
	Dementia	Mental or Behavioral Dysfunction	0.0060258	0.923	1995	0.446	P10636	2020	0.992	C0497327	MAPT	C10;F03	CURATED			4137	0.5	   Nervous System Diseases;    Mental Disorders	disease
strong	Dementia	Mental or Behavioral Dysfunction	0.40757	0.808	1996	0.435	Q9UM47	2017	1	C0497327	NOTCH3	C10;F03	CURATED			4854	0.5	   Nervous System Diseases;    Mental Disorders	disease
strong	Dementia	Mental or Behavioral Dysfunction	0.00063182	0.923	1991	0.445	F7VJQ1;P04156	2019	0.958	C0497327	PRNP	C10;F03	CURATED			5621	0.5	   Nervous System Diseases;    Mental Disorders	disease
strong	Dementia	Mental or Behavioral Dysfunction	0.00053736	0.654	1997	0.55	P49810	2018	1	C0497327	PSEN2	C10;F03	CURATED	Enzyme	DTO_05007624	5664	0.5	   Nervous System Diseases;    Mental Disorders	disease
	Alzheimer's Disease	Disease or Syndrome	0.45742	0.423	2001	0.631	P62760	2019	1	C0002395	VSNL1	C10;F03	CURATED			7447	0.49	   Nervous System Diseases;    Mental Disorders	disease
	Amyotrophic Lateral Sclerosis	Disease or Syndrome	0.9973	0.885	2007	0.453	Q9UBK2	2018	1	C0002736	PPARGC1A	C18;C10	CURATED	Transcription factor	DTO_05007542	10891	0.49	   Nutritional and Metabolic Diseases;    Nervous System Diseases	disease
moderate	Amyotrophic Lateral Sclerosis	Disease or Syndrome	0.99732	0.808	2014	0.566	P22626	2018	1	C0002736	HNRNPA2B1	C18;C10	CURATED			3181	0.49	   Nutritional and Metabolic Diseases;    Nervous System Diseases	disease
	Parkinson Disease	Disease or Syndrome	0.51949	0.769	2010	0.581	P01903	2015	1	C0030567	HLA-DRA	C10	CURATED	Immune response	DTO_05007608	3122	0.48	   Nervous System Diseases	disease
	Amyotrophic Lateral Sclerosis	Disease or Syndrome	0.33997	0.692	2008	0.603	P42658	2013	0.857	C0002736	DPP6	C18;C10	CURATED	Enzyme	DTO_05007624	1804	0.47	   Nutritional and Metabolic Diseases;    Nervous System Diseases	disease
	Amyotrophic Lateral Sclerosis	Disease or Syndrome	0.12679	0.615	2016	0.7	P41002	2019	1	C0002736	CCNF	C18;C10	CURATED	Enzyme modulator	DTO_05007584	899	0.46	   Nutritional and Metabolic Diseases;    Nervous System Diseases	disease
limited	Dementia	Mental or Behavioral Dysfunction	0.0039011	0.808	1996	0.436	P01034	2019	1	C0497327	CST3	C10;F03	CURATED			1471	0.46	   Nervous System Diseases;    Mental Disorders	disease
	Alzheimer's Disease	Disease or Syndrome	0.97198	0.731	2013	0.558	Q92835	2020	1	C0002395	INPP5D	C10;F03	CURATED			3635	0.45	   Nervous System Diseases;    Mental Disorders	disease
	Dementia	Mental or Behavioral Dysfunction	1	0.885	2011	0.406	P26358	2015	1	C0497327	DNMT1	C10;F03	CURATED	Epigenetic regulator	DTO_05007378	1786	0.45	   Nervous System Diseases;    Mental Disorders	disease
	Alzheimer's Disease	Disease or Syndrome	0.96926	0.769	2008	0.575	Q92692	2019	1	C0002395	NECTIN2	C10;F03	CURATED			5819	0.44	   Nervous System Diseases;    Mental Disorders	disease
	Amyotrophic Lateral Sclerosis	Disease or Syndrome	4.7001e-10	0.692	2017	0.65	P50995	2019	1	C0002736	ANXA11	C18;C10	CURATED			311	0.44	   Nutritional and Metabolic Diseases;    Nervous System Diseases	disease
	Alzheimer's Disease	Disease or Syndrome	8.0964e-06	0.308	2011	0.722	Q96JQ5	2019	1	C0002395	MS4A4A	C10;F03	CURATED	Receptor	DTO_05007575	51338	0.43	   Nervous System Diseases;    Mental Disorders	disease
	Amyotrophic Lateral Sclerosis	Disease or Syndrome	0.99912	0.846	2013	0.455	Q15303	2019	1	C0002736	ERBB4	C18;C10	CURATED	Kinase	DTO_03300101	2066	0.43	   Nutritional and Metabolic Diseases;    Nervous System Diseases	disease
	Amyotrophic Lateral Sclerosis	Disease or Syndrome	2.0536e-10	0.577	2015	0.628	Q53GS7	2018	1	C0002736	GLE1	C18;C10	CURATED	Transporter	DTO_05007405	2733	0.43	   Nutritional and Metabolic Diseases;    Nervous System Diseases	disease
	Amyotrophic Lateral Sclerosis	Disease or Syndrome	1.1343e-08	0.462	2019	0.711	Q68CQ7	2020	1	C0002736	GLT8D1	C18;C10	CURATED			55830	0.43	   Nutritional and Metabolic Diseases;    Nervous System Diseases	disease
	Alzheimer's Disease	Disease or Syndrome	0.015836	0.308	2009	0.729	Q9BZA7	2011	1	C0002395	PCDH11X	C10;F03	CURATED			27328	0.42	   Nervous System Diseases;    Mental Disorders	disease
	Alzheimer's Disease	Disease or Syndrome	0.36682	0.231	2013	0.722	Q9NQ75	2019	1	C0002395	CASS4	C10;F03	CURATED			57091	0.42	   Nervous System Diseases;    Mental Disorders	disease
	Amyotrophic Lateral Sclerosis	Disease or Syndrome	0.99962	0.192	2016	0.839	Q8WVM8	2019	1	C0002736	SCFD1	C18;C10	CURATED	Transporter	DTO_05007405	23256	0.42	   Nutritional and Metabolic Diseases;    Nervous System Diseases	disease
	Amyotrophic Lateral Sclerosis	Disease or Syndrome	2.3423e-34	0.731	2009	0.551	Q92562	2017	1	C0002736	FIG4	C18;C10	CURATED			9896	0.42	   Nutritional and Metabolic Diseases;    Nervous System Diseases	disease
	Dementia	Mental or Behavioral Dysfunction	4.2013e-10	0.846	2003	0.466	P00450	2015	1	C0497327	CP	C10;F03	CURATED	Enzyme	DTO_05007624	1356	0.41	   Nervous System Diseases;    Mental Disorders	disease
	Alzheimer's Disease	Disease or Syndrome	0.98552	0.5	2000	0.659	Q9Y6A2	2019	0.953	C0002395	CYP46A1	C10;F03	CURATED	Enzyme	DTO_05007624	10858	0.4	   Nervous System Diseases;    Mental Disorders	disease
	Alzheimer's Disease	Disease or Syndrome	0.00041549	0.654	2001	0.532	P36544;Q494W8	2017	1	C0002395	CHRNA7	C10;F03	CURATED	Ion channel	DTO_01300327	1139	0.4	   Nervous System Diseases;    Mental Disorders	disease
	Alzheimer's Disease	Disease or Syndrome	0.0039011	0.808	1988	0.436	P01034	2019	0.935	C0002395	CST3	C10;F03	CURATED			1471	0.4	   Nervous System Diseases;    Mental Disorders	disease
	Alzheimer's Disease	Disease or Syndrome	1.0793e-25	0.885	1995	0.437	P10635	2019	0.909	C0002395	CYP2D6	C10;F03	CURATED			1565	0.4	   Nervous System Diseases;    Mental Disorders	disease
	Alzheimer's Disease	Disease or Syndrome	0.031029	0.769	2000	0.498	Q15392	2019	0.958	C0002395	DHCR24	C10;F03	CURATED	Enzyme	DTO_05007624	1718	0.4	   Nervous System Diseases;    Mental Disorders	disease
	Alzheimer's Disease	Disease or Syndrome	0.99375	0.692	1999	0.585	Q16555	2020	0.947	C0002395	DPYSL2	C10;F03	CURATED	Enzyme	DTO_05007624	1808	0.4	   Nervous System Diseases;    Mental Disorders	disease
	Alzheimer's Disease	Disease or Syndrome	0.9992	0.962	1999	0.324	P03372	2019	0.944	C0002395	ESR1	C10;F03	CURATED	Nuclear receptor	DTO_00102000	2099	0.4	   Nervous System Diseases;    Mental Disorders	disease
	Alzheimer's Disease	Disease or Syndrome	0.99942	0.462	2001	0.666	Q92542	2020	1	C0002395	NCSTN	C10;F03	CURATED			23385	0.4	   Nervous System Diseases;    Mental Disorders	disease
	Alzheimer's Disease	Disease or Syndrome	0.0096817	0.923	1995	0.381	P09601	2020	0.92	C0002395	HMOX1	C10;F03	CURATED			3162	0.4	   Nervous System Diseases;    Mental Disorders	disease
	Alzheimer's Disease	Disease or Syndrome	0.2716	0.885	2000	0.318	P05019	2020	1	C0002395	IGF1	C10;F03	CURATED			3479	0.4	   Nervous System Diseases;    Mental Disorders	disease
	Alzheimer's Disease	Disease or Syndrome	NA	0.885	2008	0.398		2019	1	C0002395	MIR146A	C10;F03	CURATED			406938	0.4	   Nervous System Diseases;    Mental Disorders	disease
	Alzheimer's Disease	Disease or Syndrome	0.99903	0.808	1994	0.533	P27338	2020	1	C0002395	MAOB	C10;F03	CURATED			4129	0.4	   Nervous System Diseases;    Mental Disorders	disease
	Alzheimer's Disease	Disease or Syndrome	0.99827	0.885	1991	0.445	P22303	2020	0.985	C0002395	ACHE	C10;F03	CURATED	Enzyme	DTO_05007624	43	0.4	   Nervous System Diseases;    Mental Disorders	disease
	Alzheimer's Disease	Disease or Syndrome	3.2068e-10	0.885	1999	0.337	P42898	2018	0.868	C0002395	MTHFR	C10;F03	CURATED			4524	0.4	   Nervous System Diseases;    Mental Disorders	disease
	Alzheimer's Disease	Disease or Syndrome	0.029194	0.885	2000	0.358	P37231	2019	0.907	C0002395	PPARG	C10;F03	CURATED	Nuclear receptor	DTO_00102000	5468	0.4	   Nervous System Diseases;    Mental Disorders	disease
	Alzheimer's Disease	Disease or Syndrome	0.00063182	0.923	1986	0.445	F7VJQ1;P04156	2020	0.902	C0002395	PRNP	C10;F03	CURATED			5621	0.4	   Nervous System Diseases;    Mental Disorders	disease
	Alzheimer's Disease	Disease or Syndrome	1	0.731	2002	0.515	P78509	2019	1	C0002395	RELN	C10;F03	CURATED			5649	0.4	   Nervous System Diseases;    Mental Disorders	disease
	Alzheimer's Disease	Disease or Syndrome	1.0643e-13	0.923	1995	0.447	P06276	2020	0.962	C0002395	BCHE	C10;F03	CURATED			590	0.4	   Nervous System Diseases;    Mental Disorders	disease
	Alzheimer's Disease	Disease or Syndrome	0.17259	0.731	2004	0.529	Q00059	2019	0.9	C0002395	TFAM	C10;F03	CURATED			7019	0.4	   Nervous System Diseases;    Mental Disorders	disease
	Alzheimer's Disease	Disease or Syndrome	0.8033	0.962	1998	0.231	P01375	2020	0.963	C0002395	TNF	C10;F03	CURATED	Signaling	DTO_05007599	7124	0.4	   Nervous System Diseases;    Mental Disorders	disease
	Alzheimer's Disease	Disease or Syndrome	2.4085e-05	0.923	2005	0.266	P15692	2020	0.919	C0002395	VEGFA	C10;F03	CURATED	Signaling	DTO_05007599	7422	0.4	   Nervous System Diseases;    Mental Disorders	disease
	Alzheimer's Disease	Disease or Syndrome	5.6888e-07	0.769	2011	0.524	P20138	2019	0.972	C0002395	CD33	C10;F03	CURATED	Receptor	DTO_05007575	945	0.4	   Nervous System Diseases;    Mental Disorders	disease
moderate	Amyotrophic Lateral Sclerosis	Disease or Syndrome	0.99981	0.692	2011	0.474	Q01844	2019	0.909	C0002736	EWSR1	C18;C10	CURATED	Nucleic acid binding	DTO_05007557	2130	0.4	   Nutritional and Metabolic Diseases;    Nervous System Diseases	disease
	Amyotrophic Lateral Sclerosis	Disease or Syndrome	1.4601e-06	0.885	2001	0.421	P14136	2019	1	C0002736	GFAP	C18;C10	CURATED			2670	0.4	   Nutritional and Metabolic Diseases;    Nervous System Diseases	disease
	Amyotrophic Lateral Sclerosis	Disease or Syndrome	0.54623	0.423	2016	0.7	Q13875	2016	1	C0002736	MOBP	C18;C10	CURATED	Cellular structure	DTO_05007530	4336	0.4	   Nutritional and Metabolic Diseases;    Nervous System Diseases	disease
	Amyotrophic Lateral Sclerosis	Disease or Syndrome	5.4352e-05	0.808	2010	0.566	Q15165	2013	1	C0002736	PON2	C18;C10	CURATED			5445	0.4	   Nutritional and Metabolic Diseases;    Nervous System Diseases	disease
	Amyotrophic Lateral Sclerosis	Disease or Syndrome	2.1034e-07	0.692	2010	0.663	Q15166	2013	1	C0002736	PON3	C18;C10	CURATED			5446	0.4	   Nutritional and Metabolic Diseases;    Nervous System Diseases	disease
	Amyotrophic Lateral Sclerosis	Disease or Syndrome	0.71036	0.731	1996	0.511	P43004	2019	0.921	C0002736	SLC1A2	C18;C10	CURATED	Transporter	DTO_05007405	6506	0.4	   Nutritional and Metabolic Diseases;    Nervous System Diseases	disease
	Parkinson Disease	Disease or Syndrome	NA	0.077	2009	0.861		2019	0.963	C0030567	PARK16	C10	CURATED			100359403	0.4	   Nervous System Diseases	disease
	Parkinson Disease	Disease or Syndrome	0.00056753	0.808	2010	0.475	O00429	2020	1	C0030567	DNM1L	C10	CURATED	Enzyme modulator	DTO_05007584	10059	0.4	   Nervous System Diseases	disease
	Parkinson Disease	Disease or Syndrome	0.9973	0.885	2009	0.453	Q9UBK2	2019	0.857	C0030567	PPARGC1A	C10	CURATED	Transcription factor	DTO_05007542	10891	0.4	   Nervous System Diseases	disease
	Parkinson Disease	Disease or Syndrome	4.2013e-10	0.846	2004	0.466	P00450	2020	0.938	C0030567	CP	C10	CURATED	Enzyme	DTO_05007624	1356	0.4	   Nervous System Diseases	disease
	Parkinson Disease	Disease or Syndrome	1.0793e-25	0.885	1992	0.437	P10635	2019	0.879	C0030567	CYP2D6	C10	CURATED			1565	0.4	   Nervous System Diseases	disease
	Parkinson Disease	Disease or Syndrome	0.2035	0.885	1993	0.434	P39905	2020	0.983	C0030567	GDNF	C10	CURATED	Signaling	DTO_05007599	2668	0.4	   Nervous System Diseases	disease
	Parkinson Disease	Disease or Syndrome	1.4601e-06	0.885	1999	0.421	P14136	2020	1	C0030567	GFAP	C10	CURATED			2670	0.4	   Nervous System Diseases	disease
	Parkinson Disease	Disease or Syndrome	0.00018056	0.115	2016	0.769	Q96A57	2018	0.923	C0030567	TMEM230	C10	CURATED			29058	0.4	   Nervous System Diseases	disease
	Parkinson Disease	Disease or Syndrome	0.0020641	0.923	1999	0.38	P09488	2019	0.75	C0030567	GSTM1	C10	CURATED			2944	0.4	   Nervous System Diseases	disease
	Parkinson Disease	Disease or Syndrome	2.5587e-08	0.846	2002	0.436	Q30201	2018	0.727	C0030567	HFE	C10	CURATED			3077	0.4	   Nervous System Diseases	disease
	Parkinson Disease	Disease or Syndrome	0.0096817	0.923	1997	0.381	P09601	2020	0.905	C0030567	HMOX1	C10	CURATED			3162	0.4	   Nervous System Diseases	disease
	Parkinson Disease	Disease or Syndrome	0.96852	0.885	2006	0.502	P38646	2018	0.818	C0030567	HSPA9	C10	CURATED			3313	0.4	   Nervous System Diseases	disease
	Parkinson Disease	Disease or Syndrome	0.31536	0.962	2001	0.248	P05231	2019	1	C0030567	IL6	C10	CURATED			3569	0.4	   Nervous System Diseases	disease
	Parkinson Disease	Disease or Syndrome	0.99928	0.769	1994	0.465	P21397	2019	0.87	C0030567	MAOA	C10	CURATED			4128	0.4	   Nervous System Diseases	disease
	Parkinson Disease	Disease or Syndrome	3.2068e-10	0.885	2004	0.337	P42898	2019	1	C0030567	MTHFR	C10	CURATED			4524	0.4	   Nervous System Diseases	disease
	Parkinson Disease	Disease or Syndrome	1	0.885	1997	0.408	P29475	2019	0.727	C0030567	NOS1	C10	CURATED			4842	0.4	   Nervous System Diseases	disease
	Parkinson Disease	Disease or Syndrome	1.2564e-05	0.885	2002	0.344	P08183	2018	0.9	C0030567	ABCB1	C10	CURATED	Transporter	DTO_05007405	5243	0.4	   Nervous System Diseases	disease
	Parkinson Disease	Disease or Syndrome	0.96921	0.5	2011	0.656	Q96QK1	2019	0.931	C0030567	VPS35	C10	CURATED	Transporter	DTO_05007405	55737	0.4	   Nervous System Diseases	disease
	Parkinson Disease	Disease or Syndrome	0.65626	0.923	1995	0.345	P23560	2020	0.906	C0030567	BDNF	C10	CURATED	Signaling	DTO_05007599	627	0.4	   Nervous System Diseases	disease
	Parkinson Disease	Disease or Syndrome	0.99758	0.885	1994	0.453	Q01959	2020	0.935	C0030567	SLC6A3	C10	CURATED	Transporter	DTO_05007405	6531	0.4	   Nervous System Diseases	disease
	Parkinson Disease	Disease or Syndrome	0.1773	0.962	1993	0.379	P00441	2020	0.971	C0030567	SOD1	C10	CURATED	Enzyme	DTO_05007624	6647	0.4	   Nervous System Diseases	disease
	Parkinson Disease	Disease or Syndrome	0.15499	0.923	1997	0.379	P04179	2019	1	C0030567	SOD2	C10	CURATED	Enzyme	DTO_05007624	6648	0.4	   Nervous System Diseases	disease
	Parkinson Disease	Disease or Syndrome	0.8033	0.962	1999	0.231	P01375	2020	0.98	C0030567	TNF	C10	CURATED	Signaling	DTO_05007599	7124	0.4	   Nervous System Diseases	disease
strong	Dementia	Mental or Behavioral Dysfunction	0.00049201	0.692	2014	0.532	Q92743	2014	1	C0497327	HTRA1	C10;F03	CURATED	Enzyme	DTO_05007624	5654	0.4	   Nervous System Diseases;    Mental Disorders	disease
	Alzheimer's Disease	Disease or Syndrome	0.71614	0.808	1995	0.439	P06850	2019	0.9	C0002395	CRH	C10;F03	CURATED	Signaling	DTO_05007599	1392	0.39	   Nervous System Diseases;    Mental Disorders	disease
	Alzheimer's Disease	Disease or Syndrome	0.15499	0.923	2001	0.379	P04179	2018	0.889	C0002395	SOD2	C10;F03	CURATED	Enzyme	DTO_05007624	6648	0.38	   Nervous System Diseases;    Mental Disorders	disease
	Amyotrophic Lateral Sclerosis	Disease or Syndrome	0.53235	0.962	2000	0.236	P04637	2020	0.875	C0002736	TP53	C18;C10	CURATED	Transcription factor	DTO_05007542	7157	0.38	   Nutritional and Metabolic Diseases;    Nervous System Diseases	disease
	Parkinson Disease	Disease or Syndrome	0.014155	0.923	2003	0.383	P09211	2019	0.778	C0030567	GSTP1	C10	CURATED			2950	0.38	   Nervous System Diseases	disease
	Parkinson Disease	Disease or Syndrome	0.00068309	0.769	2006	0.576	Q9NX09	2018	1	C0030567	DDIT4	C10	CURATED			54541	0.38	   Nervous System Diseases	disease
	Dementia	Mental or Behavioral Dysfunction	0.9993	0.846	2009	0.47	P35637	2017	1	C0497327	FUS	C10;F03	CURATED	Nucleic acid binding	DTO_05007557	2521	0.38	   Nervous System Diseases;    Mental Disorders	disease
moderate	Amyotrophic Lateral Sclerosis	Disease or Syndrome	8.1044e-21	0.423	2013	0.615	Q8N1W1	2020	1	C0002736	ARHGEF28	C18;C10	CURATED			64283	0.37	   Nutritional and Metabolic Diseases;    Nervous System Diseases	disease
	Parkinson Disease	Disease or Syndrome	8.0688e-09	0.885	1998	0.459	P05181	2013	0.875	C0030567	CYP2E1	C10	CURATED			1571	0.37	   Nervous System Diseases	disease
	Alzheimer's Disease	Disease or Syndrome	0.99562	0.808	2017	0.588	P16885	2019	1	C0002395	PLCG2	C10;F03	CURATED	Enzyme	DTO_05007624	5336	0.36	   Nervous System Diseases;    Mental Disorders	disease
	Alzheimer's Disease	Disease or Syndrome	0.0008813	0.462	2014	0.65	O95185	2016	1	C0002395	UNC5C	C10;F03	CURATED	Receptor	DTO_05007575	8633	0.36	   Nervous System Diseases;    Mental Disorders	disease
	Amyotrophic Lateral Sclerosis	Disease or Syndrome	0.99597	0.962	2001	0.314	P35354	2017	1	C0002736	PTGS2	C18;C10	CURATED	Enzyme	DTO_05007624	5743	0.36	   Nutritional and Metabolic Diseases;    Nervous System Diseases	disease
	Parkinson Disease	Disease or Syndrome	0.51964	0.808	2006	0.513	Q99683	2020	0.833	C0030567	MAP3K5	C10	CURATED	Kinase	DTO_03300101	4217	0.36	   Nervous System Diseases	disease
	Parkinson Disease	Disease or Syndrome	0.82026	0.885	2009	0.391	P01138	2018	1	C0030567	NGF	C10	CURATED	Signaling	DTO_05007599	4803	0.36	   Nervous System Diseases	disease
	Dementia	Mental or Behavioral Dysfunction	0.99758	0.885	1992	0.453	Q01959	2019	1	C0497327	SLC6A3	C10;F03	CURATED	Transporter	DTO_05007405	6531	0.36	   Nervous System Diseases;    Mental Disorders	disease
strong	Dementia	Mental or Behavioral Dysfunction	0.20238	0.769	2000	0.573	O43914	2018	1	C0497327	TYROBP	C10;F03	CURATED			7305	0.36	   Nervous System Diseases;    Mental Disorders	disease
	Alzheimer's Disease	Disease or Syndrome	5.0089e-05	0.231	2017	0.716	Q9P2A4	2019	1	C0002395	ABI3	C10;F03	CURATED	Enzyme modulator	DTO_05007584	51225	0.35	   Nervous System Diseases;    Mental Disorders	disease
	Alzheimer's Disease	Disease or Syndrome	1.2376e-15	0.808	2004	0.453	Q9NZC7	2019	1	C0002395	WWOX	C10;F03	CURATED	Enzyme	DTO_05007624	51741	0.35	   Nervous System Diseases;    Mental Disorders	disease
	Alzheimer's Disease	Disease or Syndrome	4.1001e-08	0.846	2002	0.527	P02787	2012	1	C0002395	TF	C10;F03	CURATED	Enzyme	DTO_05007624	7018	0.35	   Nervous System Diseases;    Mental Disorders	disease
	Amyotrophic Lateral Sclerosis	Disease or Syndrome	0.15499	0.923	1996	0.379	P04179	2008	1	C0002736	SOD2	C18;C10	CURATED	Enzyme	DTO_05007624	6648	0.35	   Nutritional and Metabolic Diseases;    Nervous System Diseases	disease
	Alzheimer's Disease	Disease or Syndrome	0.00072964	0.308	1999	0.617	P17787	2007	1	C0002395	CHRNB2	C10;F03	CURATED	Ion channel	DTO_01300327	1141	0.34	   Nervous System Diseases;    Mental Disorders	disease
	Alzheimer's Disease	Disease or Syndrome	6.906e-09	0.346	2006	0.711	Q6NXT4	2014	1	C0002395	SLC30A6	C10;F03	CURATED	Transporter	DTO_05007405	55676	0.34	   Nervous System Diseases;    Mental Disorders	disease
	Parkinson Disease	Disease or Syndrome	1.1867e-09	0.885	2001	0.434	P15559	2019	1	C0030567	NQO1	C10	CURATED			1728	0.34	   Nervous System Diseases	disease
	Parkinson Disease	Disease or Syndrome	1.8793e-06	0.808	2009	0.521	P55008	2019	1	C0030567	AIF1	C10	CURATED	Calcium-binding protein	DTO_05007616	199	0.34	   Nervous System Diseases	disease
	Alzheimer's Disease	Disease or Syndrome	0.6711	0.654	2014	0.588	O00264	2019	1	C0002395	PGRMC1	C10;F03	CURATED	Signaling	DTO_05007599	10857	0.33	   Nervous System Diseases;    Mental Disorders	disease
	Alzheimer's Disease	Disease or Syndrome	0.97031	0.692	2002	0.587	P05198	2009	1	C0002395	EIF2S1	C10;F03	CURATED	Nucleic acid binding	DTO_05007557	1965	0.33	   Nervous System Diseases;    Mental Disorders	disease
	Alzheimer's Disease	Disease or Syndrome	0.0011118	0.885	1993	0.415	P00734	2016	1	C0002395	F2	C10;F03	CURATED	Enzyme	DTO_05007624	2147	0.33	   Nervous System Diseases;    Mental Disorders	disease
	Alzheimer's Disease	Disease or Syndrome	0.59433	0.769	2000	0.573	Q7LC44	2018	1	C0002395	ARC	C10;F03	CURATED			23237	0.33	   Nervous System Diseases;    Mental Disorders	disease
	Alzheimer's Disease	Disease or Syndrome	0.94473	0.808	2001	0.472	P0DP23;P0DP24;P0DP25	2019	1	C0002395	CALM1	C10;F03	CURATED	Calcium-binding protein	DTO_05007616	801	0.33	   Nervous System Diseases;    Mental Disorders	disease
	Parkinson Disease	Disease or Syndrome	0.010958	0.462	2005	0.678	O15217	2018	1	C0030567	GSTA4	C10	CURATED			2941	0.33	   Nervous System Diseases	disease
	Parkinson Disease	Disease or Syndrome	0.044127	0.885	2008	0.39	P01344	2017	1	C0030567	IGF2	C10	CURATED			3481	0.33	   Nervous System Diseases	disease
	Parkinson Disease	Disease or Syndrome	8.9633e-44	0.731	2018	0.546	O94759	2019	1	C0030567	TRPM2	C10	CURATED	Ion channel	DTO_01300327	7226	0.33	   Nervous System Diseases	disease
strong	Dementia	Mental or Behavioral Dysfunction	0.13278	0.808	2013	0.448	P07333	2019	1	C0497327	CSF1R	C10;F03	CURATED	Kinase	DTO_03300101	1436	0.33	   Nervous System Diseases;    Mental Disorders	disease
	Alzheimer's Disease	Disease or Syndrome	1.914e-05	0.885	2003	0.481	P06733	2009	1	C0002395	ENO1	C10;F03	CURATED	Enzyme	DTO_05007624	2023	0.32	   Nervous System Diseases;    Mental Disorders	disease
	Alzheimer's Disease	Disease or Syndrome	3.6359e-07	0.731	2015	0.608	Q30154	2017	1	C0002395	HLA-DRB5	C10;F03	CURATED	Immune response	DTO_05007608	3127	0.32	   Nervous System Diseases;    Mental Disorders	disease
	Alzheimer's Disease	Disease or Syndrome	1	0.731	2004	0.518	P11717	2015	1	C0002395	IGF2R	C10;F03	CURATED	Receptor	DTO_05007575	3482	0.32	   Nervous System Diseases;    Mental Disorders	disease
	Alzheimer's Disease	Disease or Syndrome	0.030193	0.846	2009	0.517	P60174	2019	1	C0002395	TPI1	C10;F03	CURATED	Enzyme	DTO_05007624	7167	0.32	   Nervous System Diseases;    Mental Disorders	disease
	Amyotrophic Lateral Sclerosis	Disease or Syndrome	1.2922e-06	0.846	2006	0.494	P00390	2017	1	C0002736	GSR	C18;C10	CURATED	Enzyme	DTO_05007624	2936	0.32	   Nutritional and Metabolic Diseases;    Nervous System Diseases	disease
	Parkinson Disease	Disease or Syndrome	3.6359e-07	0.731	2012	0.608	Q30154	2017	1	C0030567	HLA-DRB5	C10	CURATED	Immune response	DTO_05007608	3127	0.32	   Nervous System Diseases	disease
	Parkinson Disease	Disease or Syndrome	1	0.731	2009	0.518	P11717	2016	1	C0030567	IGF2R	C10	CURATED	Receptor	DTO_05007575	3482	0.32	   Nervous System Diseases	disease
	Parkinson Disease	Disease or Syndrome	0.30091	0.923	2008	0.445	P01308	2020	1	C0030567	INS	C10	CURATED			3630	0.32	   Nervous System Diseases	disease
	Tauopathies	Disease or Syndrome	0.13892	0.846	2013	0.495	Q00535	2017	1	C0949664	CDK5	C10	CURATED	Kinase	DTO_03300101	1020	0.32	   Nervous System Diseases	group
	Tauopathies	Disease or Syndrome	0.95571	0.846	2010	0.43	P49841	2016	1	C0949664	GSK3B	C10	CURATED	Kinase	DTO_03300101	2932	0.32	   Nervous System Diseases	group
	Alzheimer's Disease	Disease or Syndrome	NA	0.077	2018	0.805		2018	1	C0002395	SNAR-I	C10;F03	CURATED			100170222	0.31	   Nervous System Diseases;    Mental Disorders	disease
	Alzheimer's Disease	Disease or Syndrome	2.0032e-06	0.154	2014	0.792	Q8N0W5	2019	1	C0002395	IQCK	C10;F03	CURATED			124152	0.31	   Nervous System Diseases;    Mental Disorders	disease
	Alzheimer's Disease	Disease or Syndrome	5.8368e-05	0.692	2012	0.599	Q9UKV5	2019	1	C0002395	AMFR	C10;F03	CURATED			267	0.31	   Nervous System Diseases;    Mental Disorders	disease
	Alzheimer's Disease	Disease or Syndrome	NA	0.846	2015	0.521		2015	1	C0002395	MIR100	C10;F03	CURATED			406892	0.31	   Nervous System Diseases;    Mental Disorders	disease
	Alzheimer's Disease	Disease or Syndrome	NA	0.654	2015	0.564		2015	1	C0002395	MIR296	C10;F03	CURATED			407022	0.31	   Nervous System Diseases;    Mental Disorders	disease
	Alzheimer's Disease	Disease or Syndrome	NA	0.769	2015	0.476		2015	1	C0002395	MIR375	C10;F03	CURATED			494324	0.31	   Nervous System Diseases;    Mental Disorders	disease
	Alzheimer's Disease	Disease or Syndrome	4.7123e-05	0.769	2014	0.528	P14672	2020	1	C0002395	SLC2A4	C10;F03	CURATED	Transporter	DTO_05007405	6517	0.31	   Nervous System Diseases;    Mental Disorders	disease
	Alzheimer's Disease	Disease or Syndrome	0.11544	0.385	2006	0.705	O14863	2006	1	C0002395	SLC30A4	C10;F03	CURATED	Transporter	DTO_05007405	7782	0.31	   Nervous System Diseases;    Mental Disorders	disease
	Amyotrophic Lateral Sclerosis	Disease or Syndrome	0.040615	0.462	2013	0.729	O75509	2013	1	C0002736	TNFRSF21	C18;C10	CURATED			27242	0.31	   Nutritional and Metabolic Diseases;    Nervous System Diseases	disease
	Amyotrophic Lateral Sclerosis	Disease or Syndrome	0.014155	0.923	2006	0.383	P09211	2006	1	C0002736	GSTP1	C18;C10	CURATED			2950	0.31	   Nutritional and Metabolic Diseases;    Nervous System Diseases	disease
	Amyotrophic Lateral Sclerosis	Disease or Syndrome	1.1785e-08	0.385	2012	0.769	Q9UK59	2012	1	C0002736	DBR1	C18;C10	CURATED	Enzyme	DTO_05007624	51163	0.31	   Nutritional and Metabolic Diseases;    Nervous System Diseases	disease
	Amyotrophic Lateral Sclerosis	Disease or Syndrome	5.9817e-05	0.846	1999	0.496	P47712	2005	1	C0002736	PLA2G4A	C18;C10	CURATED	Enzyme	DTO_05007624	5321	0.31	   Nutritional and Metabolic Diseases;    Nervous System Diseases	disease
	Amyotrophic Lateral Sclerosis	Disease or Syndrome	0.00039801	0.154	2013	0.839	Q96NX5	2013	1	C0002736	CAMK1G	C18;C10	CURATED	Kinase	DTO_03300101	57172	0.31	   Nutritional and Metabolic Diseases;    Nervous System Diseases	disease
	Amyotrophic Lateral Sclerosis	Disease or Syndrome	0.99993	0.538	2010	0.592	P30531	2010	1	C0002736	SLC6A1	C18;C10	CURATED	Transporter	DTO_05007405	6529	0.31	   Nutritional and Metabolic Diseases;    Nervous System Diseases	disease
	Amyotrophic Lateral Sclerosis	Disease or Syndrome	0.72079	0.846	2010	0.414	P29965	2010	1	C0002736	CD40LG	C18;C10	CURATED	Signaling	DTO_05007599	959	0.31	   Nutritional and Metabolic Diseases;    Nervous System Diseases	disease
	Parkinson Disease	Disease or Syndrome	0.38396	0.846	2019	0.475	P09104	2020	1	C0030567	ENO2	C10	CURATED	Enzyme	DTO_05007624	2026	0.31	   Nervous System Diseases	disease
	Parkinson Disease	Disease or Syndrome	0.079124	0.692	2008	0.575	P09467	2010	1	C0030567	FBP1	C10	CURATED	Enzyme	DTO_05007624	2203	0.31	   Nervous System Diseases	disease
	Parkinson Disease	Disease or Syndrome	7.6122e-12	0.654	1999	0.56	P06734	2015	1	C0030567	FCER2	C10	CURATED	Receptor	DTO_05007575	2208	0.31	   Nervous System Diseases	disease
	Parkinson Disease	Disease or Syndrome	3.8518e-05	0.923	2005	0.458	P07203	2009	1	C0030567	GPX1	C10	CURATED	Enzyme	DTO_05007624	2876	0.31	   Nervous System Diseases	disease
	Parkinson Disease	Disease or Syndrome	0.99947	0.885	2006	0.374	P14210	2006	1	C0030567	HGF	C10	CURATED	Enzyme	DTO_05007624	3082	0.31	   Nervous System Diseases	disease
	Parkinson Disease	Disease or Syndrome	0.030228	0.769	2004	0.486	P0DMV8;P0DMV9	2005	1	C0030567	HSPA1A	C10	CURATED			3303	0.31	   Nervous System Diseases	disease
	Parkinson Disease	Disease or Syndrome	3.6145e-05	0.846	1996	0.432	P06213	2009	1	C0030567	INSR	C10	CURATED	Kinase	DTO_03300101	3643	0.31	   Nervous System Diseases	disease
	Parkinson Disease	Disease or Syndrome	NA	0.769	2017	0.555		2017	1	C0030567	MIR181C	C10	CURATED			406957	0.31	   Nervous System Diseases	disease
	Parkinson Disease	Disease or Syndrome	0.49228	0.692	2009	0.579	P20916	2017	1	C0030567	MAG	C10	CURATED	Receptor	DTO_05007575	4099	0.31	   Nervous System Diseases	disease
	Parkinson Disease	Disease or Syndrome	1	0.692	2016	0.547	Q13330	2016	1	C0030567	MTA1	C10	CURATED	Nucleic acid binding	DTO_05007557	9112	0.31	   Nervous System Diseases	disease
	Parkinson Disease	Disease or Syndrome	1.81e-06	0.346	2017	0.769	Q9UL15	2017	1	C0030567	BAG5	C10	CURATED			9529	0.31	   Nervous System Diseases	disease
	Parkinson Disease	Disease or Syndrome	0.010127	0.5	2015	0.561	O95988	2015	1	C0030567	TCL1B	C10	CURATED			9623	0.31	   Nervous System Diseases	disease
strong	Dementia	Mental or Behavioral Dysfunction	1	0.731	2007	0.484	P02462	2016	1	C0497327	COL4A1	C10;F03	CURATED			1282	0.31	   Nervous System Diseases;    Mental Disorders	disease
	Alzheimer's Disease	Disease or Syndrome	NA	0.692	2015	0.57		2015	1	C0002395	MIR708	C10;F03	CURATED			100126333	0.3	   Nervous System Diseases;    Mental Disorders	disease
	Alzheimer's Disease	Disease or Syndrome	NA	0.077	2015	0.805		2015	1	C0002395	MIR3622B	C10;F03	CURATED			100500871	0.3	   Nervous System Diseases;    Mental Disorders	disease
	Alzheimer's Disease	Disease or Syndrome	NA	0.077	2015	0.805		2015	1	C0002395	MIR4467	C10;F03	CURATED			100616367	0.3	   Nervous System Diseases;    Mental Disorders	disease
	Alzheimer's Disease	Disease or Syndrome	6.2564e-07	0.808	1999	0.551	O14773	1999	1	C0002395	TPP1	C10;F03	CURATED	Enzyme	DTO_05007624	1200	0.3	   Nervous System Diseases;    Mental Disorders	disease
	Alzheimer's Disease	Disease or Syndrome	3.3372e-05	0.154	2007	0.78	O14556	2007	1	C0002395	GAPDHS	C10;F03	CURATED	Enzyme	DTO_05007624	26330	0.3	   Nervous System Diseases;    Mental Disorders	disease
	Alzheimer's Disease	Disease or Syndrome	0.011784	0.615	2001	0.588	P10082	2001	1	C0002395	PYY	C10;F03	CURATED	Signaling	DTO_05007599	5697	0.3	   Nervous System Diseases;    Mental Disorders	disease
	Alzheimer's Disease	Disease or Syndrome	NA	0.577	2015	0.603		2015	1	C0002395	MIR505	C10;F03	CURATED			574508	0.3	   Nervous System Diseases;    Mental Disorders	disease
	Alzheimer's Disease	Disease or Syndrome	NA	0.577	2015	0.633		2015	1	C0002395	MIR766	C10;F03	CURATED			768218	0.3	   Nervous System Diseases;    Mental Disorders	disease
	Alzheimer's Disease	Disease or Syndrome	0.71601	0.654	2019	0.555	Q9UHI8	2019	1	C0002395	ADAMTS1	C10;F03	CURATED	Enzyme	DTO_05007624	9510	0.3	   Nervous System Diseases;    Mental Disorders	disease
	Parkinson Disease	Disease or Syndrome	0.85603	0.308	2015	0.716	Q9NS39	2015	1	C0030567	ADARB2	C10	CURATED	Enzyme	DTO_05007624	105	0.3	   Nervous System Diseases	disease
	Parkinson Disease	Disease or Syndrome	4.8406e-33	0.154	2015	0.89	Q14993	2015	1	C0030567	COL19A1	C10	CURATED			1310	0.3	   Nervous System Diseases	disease
	Parkinson Disease	Disease or Syndrome	0.041173	0.308	2015	0.821	Q8TDB8	2015	1	C0030567	SLC2A14	C10	CURATED	Transporter	DTO_05007405	144195	0.3	   Nervous System Diseases	disease
	Parkinson Disease	Disease or Syndrome	0.45504	0.846	2009	0.38	P05305	2009	1	C0030567	EDN1	C10	CURATED	Signaling	DTO_05007599	1906	0.3	   Nervous System Diseases	disease
	Parkinson Disease	Disease or Syndrome	0.56616	0.692	2012	0.584	P02675	2012	1	C0030567	FGB	C10	CURATED	Signaling	DTO_05007599	2244	0.3	   Nervous System Diseases	disease
	Parkinson Disease	Disease or Syndrome	2.8673e-09	0.846	2015	0.53	Q9UHC6	2015	1	C0030567	CNTNAP2	C10	CURATED			26047	0.3	   Nervous System Diseases	disease
	Parkinson Disease	Disease or Syndrome	0.56611	0.538	2015	0.615	P69891	2015	1	C0030567	HBG1	C10	CURATED			3047	0.3	   Nervous System Diseases	disease
	Parkinson Disease	Disease or Syndrome	1.8935e-10	0.038	2015	1	Q8NBI3	2015	1	C0030567	DRAXIN	C10	CURATED			374946	0.3	   Nervous System Diseases	disease
	Parkinson Disease	Disease or Syndrome	0.9649	0.385	2008	0.805	P48050	2008	1	C0030567	KCNJ4	C10	CURATED	Ion channel	DTO_01300327	3761	0.3	   Nervous System Diseases	disease
	Parkinson Disease	Disease or Syndrome	1	0.692	2019	0.537	P11137	2019	1	C0030567	MAP2	C10	CURATED			4133	0.3	   Nervous System Diseases	disease
	Parkinson Disease	Disease or Syndrome	1.1884e-06	0.731	2015	0.561	P40199	2015	1	C0030567	CEACAM6	C10	CURATED			4680	0.3	   Nervous System Diseases	disease
	Parkinson Disease	Disease or Syndrome	0.97764	0.731	2015	0.603	Q86XI2	2015	1	C0030567	NCAPG2	C10	CURATED			54892	0.3	   Nervous System Diseases	disease
	Parkinson Disease	Disease or Syndrome	0.97952	0.654	2014	0.578	Q6XR72	2014	1	C0030567	SLC30A10	C10	CURATED	Transporter	DTO_05007405	55532	0.3	   Nervous System Diseases	disease
	Parkinson Disease	Disease or Syndrome	0.96926	0.769	2015	0.575	Q92692	2015	1	C0030567	NECTIN2	C10	CURATED			5819	0.3	   Nervous System Diseases	disease
	Parkinson Disease	Disease or Syndrome	0.99326	0.385	2008	0.7	Q02878	2008	1	C0030567	RPL6	C10	CURATED	Nucleic acid binding	DTO_05007557	6128	0.3	   Nervous System Diseases	disease
	Parkinson Disease	Disease or Syndrome	0.90573	0.308	2008	0.78	P62750	2008	1	C0030567	RPL23A	C10	CURATED	Nucleic acid binding	DTO_05007557	6147	0.3	   Nervous System Diseases	disease
	Parkinson Disease	Disease or Syndrome	0.99003	0.192	2008	0.805	P62241	2008	1	C0030567	RPS8	C10	CURATED	Nucleic acid binding	DTO_05007557	6202	0.3	   Nervous System Diseases	disease
	Parkinson Disease	Disease or Syndrome	2.5234e-06	0.654	2012	0.608	P37837	2012	1	C0030567	TALDO1	C10	CURATED			6888	0.3	   Nervous System Diseases	disease
	Parkinson Disease	Disease or Syndrome	0.89508	0.308	2008	0.722	P50914	2008	1	C0030567	RPL14	C10	CURATED	Nucleic acid binding	DTO_05007557	9045	0.3	   Nervous System Diseases	disease
	Dementia	Mental or Behavioral Dysfunction	2.9146e-10	0.5	2009	0.736	Q9Y2E8	2009	1	C0497327	SLC9A8	C10;F03	CURATED	Transporter	DTO_05007405	23315	0.3	   Nervous System Diseases;    Mental Disorders	disease
